keyword,volume
google knowledge panel,1900
google knowledge panels,1900
how to get a google knowledge panel,170
google knowledge panel for artists,170
google knowledge panel for artist,170
claiming google knowledge panel,90
claim google knowledge panel,90
how to get google knowledge panel,70
what is a google knowledge panel,70
google knowledge panel for person,70
google knowledge panel login,70
create google knowledge panel,50
edit google knowledge panel,50
what is google knowledge panel,50
how to create a google knowledge panel,50
google knowledge panel verification,50
google knowledge panel disappeared,40
google knowledge panel not showing,40
how to edit google knowledge panel,40
how to claim google knowledge panel,40
how to make google knowledge panel,30
create a google knowledge panel,30
how to create google knowledge panel,30
how to get a google knowledge panel for artist,20
update your google knowledge panel,20
get google knowledge panel,20
google knowledge panel support,20
google knowledge panel instagram verification,20
how to claim a google knowledge panel,20
buy google knowledge panel,20
remove google knowledge panel,20
my google knowledge panel disappeared,20
how to get a google knowledge panel musician,20
google knowledge panel create,20
how do i get a google knowledge panel,20
add picture to google knowledge panel,20
google knowledge panel for artist free,20
how to add links to google knowledge panel,10
post on google knowledge panel,10
google knowledge panel edit,10
google knowledge panel tool,10
how to get verified on google knowledge panel,10
scrape google knowledge panel,10
how to create google knowledge panel for a person,10
google knowledge panel musician,10
how to have a google knowledge panel,10
personal google knowledge panel,10
google knowledge panel api,10
google knowledge panel vs google my business,10
my google knowledge panel,10
get verified on google knowledge panel,10
google knowledge panel update,10
google knowledge panel verification time,10
manage google knowledge panel,10
contact google knowledge panel,10
add social media to google knowledge panel,10
how to change google knowledge panel,10
how to add google knowledge panel,10
google knowledge panel music,10
google knowledge panel for musicians,10
how to get on google knowledge panel,10
google knowledge panel person,10
google knowledge panel seo,10
google knowledge panel help,10
google knowledge panel color,10
google knowledge panel artist,10
google knowledge panel for authors,10
add photos to google knowledge panel,10
google knowledge panel search,10
google knowledge panel social profiles,10
google knowledge panel service,10
google knowledge panel creation,10
why has my google knowledge panel disappeared,10
google knowledge panel ads,10
google knowledge panel example,10
add image to google knowledge panel,10
google knowledge panel claim,10
how to setup google knowledge panel,10
how to create a google knowledge panel for a person,10
google knowledge panel for business,10
google knowledge panel sign up,10
google knowledge panel wikipedia,10
verify google knowledge panel,10
distrokid google knowledge panel,10
google knowledge panel image,10
google knowledge panel for actors,10
what happened to my google knowledge panel,10
claim your google knowledge panel,10
how to create a google knowledge panel for yourself,10
should i claim my google knowledge panel,10
make google knowledge panel,10
